Original Data,Normalized Data
80.0,0.7959183673469388
12.0,0.10204081632653061
2.0,0.0
73.0,0.7244897959183674
100.0,1.0
52.0,0.5102040816326531
