support,itemsets
0.42857142857142855,{'notebook'}
0.42857142857142855,{'pen'}
0.42857142857142855,{'pencil'}
0.42857142857142855,{'toothbrush'}
0.5714285714285714,{'toothpaste'}
0.42857142857142855,"{'toothpaste', 'toothbrush'}"
